{"cameraMode":{"drawMode":0,"name":"Shaded","section":"Shading Mode"},"sceneLighting":true,"audioPlay":false,"sceneViewState":{"m_AlwaysRefresh":false,"showFog":true,"showSkybox":true,"showFlares":true,"showImageEffects":true,"showParticleSystems":true,"showVisualEffectGraphs":true,"m_FxEnabled":true},"in2DMode":false,"pivot":{"x":-4.045511245727539,"y":-362.3824157714844,"z":242.72891235351563},"rotation":{"x":-0.4726508557796478,"y":0.007136600557714701,"z":-0.0038245548494160177,"w":-0.8812224268913269},"size":235.16465759277345,"orthographic":false}